FULL_NAME,ZIP_CODE,RECENT_DATE,JOB_DESCRIPTOR,RANDOM_INTEGER,JOB_DESCRIPTOR,NAME_PREFIX
Zackery Fritsch,24887,Tue May 14 2024 17:12:52 GMT-0300 (Horário Padrão de Brasília),Senior,784,Global,Ms.
London Kessler,67682-5607,Tue May 14 2024 12:25:14 GMT-0300 (Horário Padrão de Brasília),Chief,9900,District,Miss
Telly Kirlin,10895-7482,Tue May 14 2024 13:56:42 GMT-0300 (Horário Padrão de Brasília),Legacy,8374,Chief,Mrs.
Merlin Kemmer,18130,Tue May 14 2024 03:47:59 GMT-0300 (Horário Padrão de Brasília),National,3179,International,Mrs.
Edwin Ward,06998,Tue May 14 2024 01:53:44 GMT-0300 (Horário Padrão de Brasília),Direct,2110,Dynamic,Miss
Athena Bailey,52765-9500,Tue May 14 2024 14:44:35 GMT-0300 (Horário Padrão de Brasília),Investor,7366,Central,Mr.
Maegan Smitham Sr.,26580-5840,Tue May 14 2024 15:46:06 GMT-0300 (Horário Padrão de Brasília),National,3440,Human,Miss
Candelario Douglas Sr.,87627-9774,Tue May 14 2024 08:35:44 GMT-0300 (Horário Padrão de Brasília),Dynamic,3190,Direct,Miss
Tyson Brekke,46334,Tue May 14 2024 17:07:31 GMT-0300 (Horário Padrão de Brasília),Principal,3110,Human,Miss
Delia Lesch,80099-2236,Tue May 14 2024 03:58:22 GMT-0300 (Horário Padrão de Brasília),International,2576,Future,Mrs.
